year,semester,campus,course_prefix,course_num,total_enrolled,passed_count,failed_count,fail_ratio,is_offered
2020,Fall,Beirut,BIF,205,34,25,1,0.264705882,1
2020,Fall,Beirut,BIF,243,17,16,0,0.058823529,1
2020,Fall,Beirut,BIF,245,2,1,1,0.5,1
2020,Fall,Beirut,BIF,310,13,9,1,0.307692308,1
2020,Fall,Beirut,BIF,345,3,3,0,0,1
2020,Fall,Beirut,BIF,375,14,13,1,0.071428571,1
2020,Fall,Beirut,BIF,455,17,15,0,0.117647059,1
2020,Fall,Beirut,BIF,524,6,5,1,0.166666667,1
2020,Fall,Beirut,BIF,599,4,4,0,0,1
2020,Fall,Beirut,CSC,201,374,363,6,0.029411765,1
2020,Fall,Beirut,CSC,206,46,45,0,0.02173913,1
2020,Fall,Beirut,CSC,241,40,31,4,0.225,1
2020,Fall,Beirut,CSC,243,124,117,3,0.056451613,1
2020,Fall,Beirut,CSC,245,39,28,7,0.282051282,1
2020,Fall,Beirut,CSC,310,59,52,5,0.118644068,1
2020,Fall,Beirut,CSC,320,30,26,2,0.133333333,1
2020,Fall,Beirut,CSC,322,27,25,0,0.074074074,1
2020,Fall,Beirut,CSC,326,63,62,0,0.015873016,1
2020,Fall,Beirut,CSC,375,77,76,0,0.012987013,1
2020,Fall,Beirut,CSC,420,24,24,0,0,1
2020,Fall,Beirut,CSC,430,53,53,0,0,1
2020,Fall,Beirut,CSC,443,41,40,0,0.024390244,1
2020,Fall,Beirut,CSC,480,53,52,1,0.018867925,1
2020,Fall,Beirut,CSC,599,26,26,0,0,1
2020,Fall,Beirut,CSC,600,2,2,0,0,1
2020,Fall,Beirut,CSC,611,15,14,1,0.066666667,1
2020,Fall,Beirut,CSC,699,8,1,2,0.875,1
2020,Fall,Beirut,MTH,101,190,92,2,0.515789474,1
2020,Fall,Beirut,MTH,111,28,22,1,0.214285714,1
2020,Fall,Beirut,MTH,201,251,181,26,0.278884462,1
2020,Fall,Beirut,MTH,207,199,178,11,0.105527638,1
2020,Fall,Beirut,MTH,303,32,27,3,0.15625,1
2020,Fall,Beirut,MTH,304,38,34,1,0.105263158,1
2020,Fall,Beirut,MTH,305,42,39,0,0.071428571,1
2020,Fall,Beirut,MTH,307,2,2,0,0,1
2020,Fall,Beirut,MTH,311,31,28,1,0.096774194,1
2020,Fall,Beirut,MTH,400,18,18,0,0,1
2020,Fall,Beirut,MTH,401,33,28,4,0.151515152,1
2020,Fall,Beirut,MTH,410,15,15,0,0,1
2020,Fall,Beirut,STA,205,154,121,15,0.214285714,1
2020,Fall,Beirut,STA,302,49,45,3,0.081632653,1
2020,Fall,Beirut,BIF,599H,1,1,0,0,1
2020,Fall,Beirut,CSC,498H,11,9,0,0.181818182,1
2020,Fall,Beirut,CSC,498X,40,40,0,0,1
2020,Fall,Beirut,CSC,599H,4,4,0,0,1
2020,Fall,Beirut,BIF,498HC,1,1,0,0,1
2020,Fall,Byblos,BIF,205,23,21,0,0.086956522,1
2020,Fall,Byblos,BIF,243,14,12,0,0.142857143,1
2020,Fall,Byblos,BIF,245,2,2,0,0,1
2020,Fall,Byblos,BIF,310,11,7,3,0.363636364,1
2020,Fall,Byblos,BIF,375,3,3,0,0,1
2020,Fall,Byblos,BIF,425,17,13,0,0.235294118,1
2020,Fall,Byblos,BIF,524,14,12,0,0.142857143,1
2020,Fall,Byblos,BIF,599,3,2,0,0.333333333,1
2020,Fall,Byblos,CSC,201,163,156,1,0.042944785,1
2020,Fall,Byblos,CSC,206,44,41,1,0.068181818,1
2020,Fall,Byblos,CSC,243,61,46,10,0.245901639,1
2020,Fall,Byblos,CSC,245,16,13,2,0.1875,1
2020,Fall,Byblos,CSC,310,17,14,1,0.176470588,1
2020,Fall,Byblos,CSC,326,10,10,0,0,1
2020,Fall,Byblos,CSC,375,10,10,0,0,1
2020,Fall,Byblos,CSC,430,10,10,0,0,1
2020,Fall,Byblos,CSC,443,19,18,0,0.052631579,1
2020,Fall,Byblos,CSC,491,1,1,0,0,1
2020,Fall,Byblos,CSC,599,11,11,0,0,1
2020,Fall,Byblos,CSC,600,4,4,0,0,1
2020,Fall,Byblos,CSC,698,1,1,0,0,1
2020,Fall,Byblos,CSC,699,5,2,1,0.6,1
2020,Fall,Byblos,MTH,101,46,38,4,0.173913043,1
2020,Fall,Byblos,MTH,102,31,26,3,0.161290323,1
2020,Fall,Byblos,MTH,201,234,169,50,0.277777778,1
2020,Fall,Byblos,MTH,206,45,37,4,0.177777778,1
2020,Fall,Byblos,MTH,207,110,81,20,0.263636364,1
2020,Fall,Byblos,MTH,304,79,71,0,0.101265823,1
2020,Fall,Byblos,MTH,305,34,28,4,0.176470588,1
2020,Fall,Byblos,STA,205,144,129,5,0.104166667,1
2020,Fall,Byblos,STA,302,47,41,2,0.127659574,1
2020,Fall,Byblos,CSC,498B,38,37,0,0.026315789,1
2020,Fall,Byblos,CSC,688C,29,28,1,0.034482759,1
2020,Fall,Byblos,CSC,688E,16,15,0,0.0625,1
2020,Fall,Byblos,BIF,498HB,5,5,0,0,1
2021,Fall,Beirut,BIF,205,34,20,7,0.411764706,1
2021,Fall,Beirut,BIF,243,32,24,6,0.25,1
2021,Fall,Beirut,BIF,245,7,4,3,0.428571429,1
2021,Fall,Beirut,BIF,310,10,8,2,0.2,1
2021,Fall,Beirut,BIF,345,4,4,0,0,1
2021,Fall,Beirut,BIF,375,10,10,0,0,1
2021,Fall,Beirut,BIF,513,13,8,1,0.384615385,1
2021,Fall,Beirut,BIF,524,18,13,2,0.277777778,1
2021,Fall,Beirut,BIF,599,5,5,0,0,1
2021,Fall,Beirut,CSC,201,404,381,13,0.056930693,1
2021,Fall,Beirut,CSC,206,38,34,1,0.105263158,1
2021,Fall,Beirut,CSC,241,42,33,3,0.214285714,1
2021,Fall,Beirut,CSC,243,202,182,15,0.099009901,1
2021,Fall,Beirut,CSC,245,40,29,8,0.275,1
2021,Fall,Beirut,CSC,310,80,60,13,0.25,1
2021,Fall,Beirut,CSC,320,31,24,6,0.225806452,1
2021,Fall,Beirut,CSC,322,25,25,0,0,1
2021,Fall,Beirut,CSC,326,67,52,11,0.223880597,1
2021,Fall,Beirut,CSC,375,75,72,2,0.04,1
2021,Fall,Beirut,CSC,430,86,82,2,0.046511628,1
2021,Fall,Beirut,CSC,443,42,35,3,0.166666667,1
2021,Fall,Beirut,CSC,460,33,28,1,0.151515152,1
2021,Fall,Beirut,CSC,480,92,87,5,0.054347826,1
2021,Fall,Beirut,CSC,490,23,20,2,0.130434783,1
2021,Fall,Beirut,CSC,491,1,1,0,0,1
2021,Fall,Beirut,CSC,599,33,32,1,0.03030303,1
2021,Fall,Beirut,CSC,600,9,9,0,0,1
2021,Fall,Beirut,CSC,611,8,7,0,0.125,1
2021,Fall,Beirut,CSC,636,15,14,0,0.066666667,1
2021,Fall,Beirut,CSC,660,10,9,0,0.1,1
2021,Fall,Beirut,CSC,698,1,0,0,1,1
2021,Fall,Beirut,CSC,699,10,3,0,0.7,1
2021,Fall,Beirut,MTH,101,92,69,15,0.25,1
2021,Fall,Beirut,MTH,102,42,21,14,0.5,1
2021,Fall,Beirut,MTH,201,258,146,52,0.434108527,1
2021,Fall,Beirut,MTH,207,241,193,22,0.199170124,1
2021,Fall,Beirut,MTH,301,26,19,3,0.269230769,1
2021,Fall,Beirut,MTH,303,33,27,5,0.181818182,1
2021,Fall,Beirut,MTH,304,31,21,1,0.322580645,1
2021,Fall,Beirut,MTH,305,38,25,11,0.342105263,1
2021,Fall,Beirut,MTH,311,26,16,3,0.384615385,1
2021,Fall,Beirut,MTH,400,30,27,2,0.1,1
2021,Fall,Beirut,MTH,401,16,15,1,0.0625,1
2021,Fall,Beirut,MTH,402,5,5,0,0,1
2021,Fall,Beirut,MTH,410,11,10,1,0.090909091,1
2021,Fall,Beirut,STA,102,22,18,3,0.181818182,1
2021,Fall,Beirut,STA,205,194,120,28,0.381443299,1
2021,Fall,Beirut,STA,302,82,55,19,0.329268293,1
2021,Fall,Beirut,BIF,498B,1,1,0,0,1
2021,Fall,Beirut,BIF,498F,1,1,0,0,1
2021,Fall,Beirut,CSC,498H,20,12,5,0.4,1
2021,Fall,Beirut,CSC,498X,53,50,3,0.056603774,1
2021,Fall,Beirut,CSC,498HK,2,2,0,0,1
2021,Fall,Byblos,BIF,205,25,15,4,0.4,1
2021,Fall,Byblos,BIF,243,20,13,2,0.35,1
2021,Fall,Byblos,BIF,245,2,2,0,0,1
2021,Fall,Byblos,BIF,310,4,4,0,0,1
2021,Fall,Byblos,BIF,345,13,12,1,0.076923077,1
2021,Fall,Byblos,BIF,375,17,17,0,0,1
2021,Fall,Byblos,BIF,524,9,8,1,0.111111111,1
2021,Fall,Byblos,BIF,599,6,5,1,0.166666667,1
2021,Fall,Byblos,CSC,201,178,160,11,0.101123596,1
2021,Fall,Byblos,CSC,206,25,22,0,0.12,1
2021,Fall,Byblos,CSC,243,81,61,14,0.24691358,1
2021,Fall,Byblos,CSC,245,24,13,10,0.458333333,1
2021,Fall,Byblos,CSC,310,23,18,4,0.217391304,1
2021,Fall,Byblos,CSC,326,20,20,0,0,1
2021,Fall,Byblos,CSC,375,20,20,0,0,1
2021,Fall,Byblos,CSC,430,13,13,0,0,1
2021,Fall,Byblos,CSC,443,50,41,5,0.18,1
2021,Fall,Byblos,CSC,460,25,24,0,0.04,1
2021,Fall,Byblos,CSC,491,1,1,0,0,1
2021,Fall,Byblos,CSC,599,3,3,0,0,1
2021,Fall,Byblos,CSC,600,7,7,0,0,1
2021,Fall,Byblos,CSC,611,12,9,1,0.25,1
2021,Fall,Byblos,CSC,698,2,2,0,0,1
2021,Fall,Byblos,CSC,699,3,1,0,0.666666667,1
2021,Fall,Byblos,MTH,101,59,42,7,0.288135593,1
2021,Fall,Byblos,MTH,201,247,155,56,0.372469636,1
2021,Fall,Byblos,MTH,206,35,19,8,0.457142857,1
2021,Fall,Byblos,MTH,207,147,101,38,0.31292517,1
2021,Fall,Byblos,MTH,304,48,37,3,0.229166667,1
2021,Fall,Byblos,MTH,305,27,19,8,0.296296296,1
2021,Fall,Byblos,STA,205,127,96,13,0.244094488,1
2021,Fall,Byblos,STA,302,25,17,7,0.32,1
2021,Fall,Byblos,BIF,599H,2,1,1,0.5,1
2021,Fall,Byblos,CSC,498H,2,1,0,0.5,1
2021,Fall,Byblos,CSC,688P,22,21,1,0.045454545,1
2021,Fall,Byblos,BIF,498HB,1,0,0,1,1
2021,Fall,Byblos,CSC,498HJ,2,2,0,0,1
2022,Fall,Beirut,BIF,205,31,22,2,0.290322581,1
2022,Fall,Beirut,BIF,243,48,33,8,0.3125,1
2022,Fall,Beirut,BIF,245,11,8,1,0.272727273,1
2022,Fall,Beirut,BIF,310,9,5,0,0.444444444,1
2022,Fall,Beirut,BIF,345,5,5,0,0,1
2022,Fall,Beirut,BIF,375,9,9,0,0,1
2022,Fall,Beirut,BIF,435,16,16,0,0,1
2022,Fall,Beirut,BIF,524,4,4,0,0,1
2022,Fall,Beirut,BIF,599,3,3,0,0,1
2022,Fall,Beirut,CSC,201,285,266,7,0.066666667,1
2022,Fall,Beirut,CSC,206,20,17,0,0.15,1
2022,Fall,Beirut,CSC,243,247,206,22,0.165991903,1
2022,Fall,Beirut,CSC,245,81,60,18,0.259259259,1
2022,Fall,Beirut,CSC,310,120,99,10,0.175,1
2022,Fall,Beirut,CSC,320,69,65,0,0.057971014,1
2022,Fall,Beirut,CSC,322,54,50,0,0.074074074,1
2022,Fall,Beirut,CSC,326,110,97,11,0.118181818,1
2022,Fall,Beirut,CSC,375,114,108,1,0.052631579,1
2022,Fall,Beirut,CSC,430,67,66,0,0.014925373,1
2022,Fall,Beirut,CSC,435,76,73,0,0.039473684,1
2022,Fall,Beirut,CSC,443,90,87,1,0.033333333,1
2022,Fall,Beirut,CSC,461,38,35,1,0.078947368,1
2022,Fall,Beirut,CSC,480,94,87,5,0.074468085,1
2022,Fall,Beirut,CSC,490,34,34,0,0,1
2022,Fall,Beirut,CSC,491,2,2,0,0,1
2022,Fall,Beirut,CSC,599,35,34,0,0.028571429,1
2022,Fall,Beirut,CSC,600,2,2,0,0,1
2022,Fall,Beirut,CSC,615,13,13,0,0,1
2022,Fall,Beirut,CSC,631,11,11,0,0,1
2022,Fall,Beirut,CSC,698,1,0,0,1,1
2022,Fall,Beirut,CSC,699,9,0,0,1,1
2022,Fall,Beirut,MTH,101,70,35,19,0.5,1
2022,Fall,Beirut,MTH,102,32,20,11,0.375,1
2022,Fall,Beirut,MTH,201,301,165,37,0.451827243,1
2022,Fall,Beirut,MTH,207,256,209,19,0.18359375,1
2022,Fall,Beirut,MTH,301,23,17,4,0.260869565,1
2022,Fall,Beirut,MTH,303,41,38,2,0.073170732,1
2022,Fall,Beirut,MTH,304,45,41,1,0.088888889,1
2022,Fall,Beirut,MTH,305,40,19,4,0.525,1
2022,Fall,Beirut,MTH,307,16,10,1,0.375,1
2022,Fall,Beirut,MTH,311,27,21,3,0.222222222,1
2022,Fall,Beirut,MTH,400,13,13,0,0,1
2022,Fall,Beirut,MTH,401,27,24,1,0.111111111,1
2022,Fall,Beirut,MTH,409,1,0,0,1,1
2022,Fall,Beirut,MTH,410,17,17,0,0,1
2022,Fall,Beirut,STA,102,22,15,6,0.318181818,1
2022,Fall,Beirut,STA,205,181,113,24,0.375690608,1
2022,Fall,Beirut,STA,302,75,67,5,0.106666667,1
2022,Fall,Beirut,BIF,599H,1,1,0,0,1
2022,Fall,Beirut,CSC,243B,212,179,18,0.155660377,1
2022,Fall,Beirut,CSC,498H,4,4,0,0,1
2022,Fall,Beirut,CSC,498X,28,28,0,0,1
2022,Fall,Beirut,CSC,599H,2,2,0,0,1
2022,Fall,Beirut,BIF,498HC,1,1,0,0,1
2022,Fall,Byblos,BIF,205,16,12,2,0.25,1
2022,Fall,Byblos,BIF,243,20,13,1,0.35,1
2022,Fall,Byblos,BIF,245,5,1,1,0.8,1
2022,Fall,Byblos,BIF,310,10,10,0,0,1
2022,Fall,Byblos,BIF,345,2,2,0,0,1
2022,Fall,Byblos,BIF,375,2,2,0,0,1
2022,Fall,Byblos,BIF,524,10,9,1,0.1,1
2022,Fall,Byblos,BIF,599,3,2,1,0.333333333,1
2022,Fall,Byblos,CSC,201,119,99,8,0.168067227,1
2022,Fall,Byblos,CSC,243,84,60,8,0.285714286,1
2022,Fall,Byblos,CSC,245,27,11,12,0.592592593,1
2022,Fall,Byblos,CSC,310,33,28,5,0.151515152,1
2022,Fall,Byblos,CSC,326,33,29,3,0.121212121,1
2022,Fall,Byblos,CSC,375,33,33,0,0,1
2022,Fall,Byblos,CSC,430,19,17,1,0.105263158,1
2022,Fall,Byblos,CSC,443,26,21,4,0.192307692,1
2022,Fall,Byblos,CSC,458,18,15,2,0.166666667,1
2022,Fall,Byblos,CSC,480,1,1,0,0,1
2022,Fall,Byblos,CSC,599,14,13,1,0.071428571,1
2022,Fall,Byblos,CSC,615,8,7,0,0.125,1
2022,Fall,Byblos,CSC,631,2,2,0,0,1
2022,Fall,Byblos,CSC,699,5,0,0,1,1
2022,Fall,Byblos,MTH,101,48,31,14,0.354166667,1
2022,Fall,Byblos,MTH,102,17,14,2,0.176470588,1
2022,Fall,Byblos,MTH,201,278,188,50,0.323741007,1
2022,Fall,Byblos,MTH,206,32,22,3,0.3125,1
2022,Fall,Byblos,MTH,207,175,115,36,0.342857143,1
2022,Fall,Byblos,MTH,301,19,14,3,0.263157895,1
2022,Fall,Byblos,MTH,304,38,29,1,0.236842105,1
2022,Fall,Byblos,MTH,305,23,16,6,0.304347826,1
2022,Fall,Byblos,MTH,311,2,2,0,0,1
2022,Fall,Byblos,STA,205,143,110,12,0.230769231,1
2022,Fall,Byblos,STA,302,38,26,6,0.315789474,1
2022,Fall,Byblos,BIF,599H,1,1,0,0,1
2022,Fall,Byblos,CSC,243B,71,48,8,0.323943662,1
2022,Fall,Byblos,CSC,498G,14,12,2,0.142857143,1
2022,Fall,Byblos,CSC,498H,9,7,2,0.222222222,1
2022,Fall,Byblos,BIF,498HB,1,1,0,0,1
2022,Fall,Online,CSC,611O,11,10,1,0.090909091,1
2022,Fall,Online,CSC,636O,3,3,0,0,1
2022,Fall,Online,CSC,662O,22,19,2,0.136363636,1
2023,Fall,Beirut,BIF,205,42,28,5,0.333333333,1
2023,Fall,Beirut,BIF,243,41,33,4,0.195121951,1
2023,Fall,Beirut,BIF,245,14,10,4,0.285714286,1
2023,Fall,Beirut,BIF,310,23,17,2,0.260869565,1
2023,Fall,Beirut,BIF,345,9,9,0,0,1
2023,Fall,Beirut,BIF,375,9,9,0,0,1
2023,Fall,Beirut,BIF,455,22,19,1,0.136363636,1
2023,Fall,Beirut,BIF,524,24,24,0,0,1
2023,Fall,Beirut,BIF,599,5,5,0,0,1
2023,Fall,Beirut,CSC,201,242,234,1,0.033057851,1
2023,Fall,Beirut,CSC,243,191,150,26,0.214659686,1
2023,Fall,Beirut,CSC,245,53,42,6,0.20754717,1
2023,Fall,Beirut,CSC,310,179,148,19,0.173184358,1
2023,Fall,Beirut,CSC,320,65,56,7,0.138461538,1
2023,Fall,Beirut,CSC,322,53,49,1,0.075471698,1
2023,Fall,Beirut,CSC,326,164,152,7,0.073170732,1
2023,Fall,Beirut,CSC,375,163,152,9,0.067484663,1
2023,Fall,Beirut,CSC,430,108,108,0,0,1
2023,Fall,Beirut,CSC,431,77,75,0,0.025974026,1
2023,Fall,Beirut,CSC,435,37,35,0,0.054054054,1
2023,Fall,Beirut,CSC,443,106,104,2,0.018867925,1
2023,Fall,Beirut,CSC,447,45,37,3,0.177777778,1
2023,Fall,Beirut,CSC,461,62,55,3,0.112903226,1
2023,Fall,Beirut,CSC,490,45,42,3,0.066666667,1
2023,Fall,Beirut,CSC,491,22,21,1,0.045454545,1
2023,Fall,Beirut,CSC,599,65,63,1,0.030769231,1
2023,Fall,Beirut,CSC,600,2,2,0,0,1
2023,Fall,Beirut,CSC,611,17,15,1,0.117647059,1
2023,Fall,Beirut,CSC,698,3,0,0,1,1
2023,Fall,Beirut,CSC,699,10,0,1,1,1
2023,Fall,Beirut,MTH,101,85,44,19,0.482352941,1
2023,Fall,Beirut,MTH,102,18,8,4,0.555555556,1
2023,Fall,Beirut,MTH,201,350,201,42,0.425714286,1
2023,Fall,Beirut,MTH,207,312,220,25,0.294871795,1
2023,Fall,Beirut,MTH,301,42,35,0,0.166666667,1
2023,Fall,Beirut,MTH,303,21,13,3,0.380952381,1
2023,Fall,Beirut,MTH,304,40,39,1,0.025,1
2023,Fall,Beirut,MTH,305,41,30,8,0.268292683,1
2023,Fall,Beirut,MTH,307,59,43,9,0.271186441,1
2023,Fall,Beirut,MTH,311,20,16,0,0.2,1
2023,Fall,Beirut,MTH,400,14,14,0,0,1
2023,Fall,Beirut,MTH,401,16,15,0,0.0625,1
2023,Fall,Beirut,MTH,402,1,1,0,0,1
2023,Fall,Beirut,MTH,410,17,13,2,0.235294118,1
2023,Fall,Beirut,STA,102,21,17,2,0.19047619,1
2023,Fall,Beirut,STA,205,130,72,17,0.446153846,1
2023,Fall,Beirut,STA,302,87,67,9,0.229885057,1
2023,Fall,Beirut,BIF,599H,1,1,0,0,1
2023,Fall,Beirut,CSC,243B,191,173,8,0.094240838,1
2023,Fall,Beirut,CSC,245B,53,46,1,0.132075472,1
2023,Fall,Beirut,CSC,310B,178,139,29,0.219101124,1
2023,Fall,Beirut,CSC,498B,14,14,0,0,1
2023,Fall,Beirut,CSC,498H,17,15,2,0.117647059,1
2023,Fall,Beirut,CSC,599H,4,4,0,0,1
2023,Fall,Beirut,CSC,688G,14,13,1,0.071428571,1
2023,Fall,Beirut,BIF,498HC,4,4,0,0,1
2023,Fall,Byblos,BIF,205,23,18,2,0.217391304,1
2023,Fall,Byblos,BIF,243,20,16,2,0.2,1
2023,Fall,Byblos,BIF,245,7,7,0,0,1
2023,Fall,Byblos,BIF,310,2,1,0,0.5,1
2023,Fall,Byblos,BIF,375,8,7,0,0.125,1
2023,Fall,Byblos,BIF,524,9,9,0,0,1
2023,Fall,Byblos,BIF,599,1,1,0,0,1
2023,Fall,Byblos,CSC,201,95,86,1,0.094736842,1
2023,Fall,Byblos,CSC,243,57,44,3,0.228070175,1
2023,Fall,Byblos,CSC,245,26,17,5,0.346153846,1
2023,Fall,Byblos,CSC,310,31,25,5,0.193548387,1
2023,Fall,Byblos,CSC,326,44,40,2,0.090909091,1
2023,Fall,Byblos,CSC,375,33,32,0,0.03030303,1
2023,Fall,Byblos,CSC,430,27,27,0,0,1
2023,Fall,Byblos,CSC,431,27,23,1,0.148148148,1
2023,Fall,Byblos,CSC,443,38,36,1,0.052631579,1
2023,Fall,Byblos,CSC,463,24,18,2,0.25,1
2023,Fall,Byblos,CSC,598,1,1,0,0,1
2023,Fall,Byblos,CSC,599,8,8,0,0,1
2023,Fall,Byblos,CSC,699,8,1,1,0.875,1
2023,Fall,Byblos,MTH,101,26,12,11,0.538461538,1
2023,Fall,Byblos,MTH,102,17,8,3,0.529411765,1
2023,Fall,Byblos,MTH,201,310,216,35,0.303225806,1
2023,Fall,Byblos,MTH,206,36,26,8,0.277777778,1
2023,Fall,Byblos,MTH,207,159,106,38,0.333333333,1
2023,Fall,Byblos,MTH,301,13,12,0,0.076923077,1
2023,Fall,Byblos,MTH,304,27,13,4,0.518518519,1
2023,Fall,Byblos,MTH,305,39,31,2,0.205128205,1
2023,Fall,Byblos,MTH,311,4,4,0,0,1
2023,Fall,Byblos,STA,205,113,92,3,0.185840708,1
2023,Fall,Byblos,STA,302,37,33,1,0.108108108,1
2023,Fall,Byblos,BIF,599H,2,2,0,0,1
2023,Fall,Byblos,CSC,243B,58,43,5,0.25862069,1
2023,Fall,Byblos,CSC,245B,26,20,2,0.230769231,1
2023,Fall,Byblos,CSC,310B,31,27,3,0.129032258,1
2023,Fall,Byblos,CSC,599H,1,1,0,0,1
2023,Fall,Byblos,CSC,688J,6,6,0,0,1
2023,Fall,Byblos,CSC,688O,4,3,0,0.25,1
2023,Fall,Byblos,BIF,498HB,2,2,0,0,1
2023,Fall,Byblos,BIF,498HH,5,5,0,0,1
2023,Fall,Byblos,CSC,498HN,1,1,0,0,1
2023,Fall,Online,CSC,617O,11,10,1,0.090909091,1
2023,Fall,Online,CSC,618O,12,11,1,0.083333333,1
2023,Fall,Online,CSC,638O,6,6,0,0,1
2023,Fall,Online,CSC,660O,6,5,1,0.166666667,1
2023,Fall,Online,CSC,698O,5,4,1,0.2,1
2024,Fall,Beirut,BIF,205,31,22,7,0.290322581,1
2024,Fall,Beirut,BIF,243,21,11,5,0.476190476,1
2024,Fall,Beirut,BIF,245,14,10,2,0.285714286,1
2024,Fall,Beirut,BIF,310,13,10,1,0.230769231,1
2024,Fall,Beirut,BIF,345,22,22,0,0,1
2024,Fall,Beirut,BIF,375,13,11,0,0.153846154,1
2024,Fall,Beirut,BIF,513,31,26,5,0.161290323,1
2024,Fall,Beirut,BIF,524,30,27,3,0.1,1
2024,Fall,Beirut,BIF,599,13,9,0,0.307692308,1
2024,Fall,Beirut,CSC,201,198,187,4,0.055555556,1
2024,Fall,Beirut,CSC,243,139,92,37,0.338129496,1
2024,Fall,Beirut,CSC,245,45,33,10,0.266666667,1
2024,Fall,Beirut,CSC,310,125,92,15,0.264,1
2024,Fall,Beirut,CSC,320,32,29,1,0.09375,1
2024,Fall,Beirut,CSC,322,29,27,1,0.068965517,1
2024,Fall,Beirut,CSC,326,129,117,12,0.093023256,1
2024,Fall,Beirut,CSC,375,86,83,3,0.034883721,1
2024,Fall,Beirut,CSC,380,38,35,1,0.078947368,1
2024,Fall,Beirut,CSC,430,81,77,1,0.049382716,1
2024,Fall,Beirut,CSC,431,80,72,6,0.1,1
2024,Fall,Beirut,CSC,433,41,41,0,0,1
2024,Fall,Beirut,CSC,435,39,36,0,0.076923077,1
2024,Fall,Beirut,CSC,437,10,10,0,0,1
2024,Fall,Beirut,CSC,443,58,57,1,0.017241379,1
2024,Fall,Beirut,CSC,447,123,115,6,0.06504065,1
2024,Fall,Beirut,CSC,460,13,10,0,0.230769231,1
2024,Fall,Beirut,CSC,461,82,82,0,0,1
2024,Fall,Beirut,CSC,462,41,41,0,0,1
2024,Fall,Beirut,CSC,463,1,1,0,0,1
2024,Fall,Beirut,CSC,490,55,53,2,0.036363636,1
2024,Fall,Beirut,CSC,491,47,43,0,0.085106383,1
2024,Fall,Beirut,CSC,598,18,18,0,0,1
2024,Fall,Beirut,CSC,599,88,84,0,0.045454545,1
2024,Fall,Beirut,CSC,600,7,7,0,0,1
2024,Fall,Beirut,CSC,611,18,14,2,0.222222222,1
2024,Fall,Beirut,CSC,616,13,12,0,0.076923077,1
2024,Fall,Beirut,CSC,660,15,14,0,0.066666667,1
2024,Fall,Beirut,CSC,698,2,1,0,0.5,1
2024,Fall,Beirut,CSC,699,10,6,0,0.4,1
2024,Fall,Beirut,MTH,101,66,36,20,0.454545455,1
2024,Fall,Beirut,MTH,102,38,14,12,0.631578947,1
2024,Fall,Beirut,MTH,201,379,229,106,0.395778364,1
2024,Fall,Beirut,MTH,206,37,27,7,0.27027027,1
2024,Fall,Beirut,MTH,207,254,198,37,0.220472441,1
2024,Fall,Beirut,MTH,301,27,23,3,0.148148148,1
2024,Fall,Beirut,MTH,303,21,15,4,0.285714286,1
2024,Fall,Beirut,MTH,304,82,73,6,0.109756098,1
2024,Fall,Beirut,MTH,305,47,40,3,0.14893617,1
2024,Fall,Beirut,MTH,307,16,12,3,0.25,1
2024,Fall,Beirut,MTH,311,20,18,0,0.1,1
2024,Fall,Beirut,MTH,312,19,19,0,0,1
2024,Fall,Beirut,MTH,400,11,11,0,0,1
2024,Fall,Beirut,MTH,401,13,13,0,0,1
2024,Fall,Beirut,MTH,409,9,9,0,0,1
2024,Fall,Beirut,MTH,498,1,1,0,0,1
2024,Fall,Beirut,STA,102,13,5,6,0.615384615,1
2024,Fall,Beirut,STA,205,123,74,28,0.398373984,1
2024,Fall,Beirut,STA,302,76,59,13,0.223684211,1
2024,Fall,Beirut,BIF,243B,21,12,6,0.428571429,1
2024,Fall,Beirut,BIF,599H,5,3,0,0.4,1
2024,Fall,Beirut,CSC,243B,142,95,34,0.330985915,1
2024,Fall,Beirut,CSC,245B,34,22,12,0.352941176,1
2024,Fall,Beirut,CSC,310B,113,69,28,0.389380531,1
2024,Fall,Beirut,CSC,498H,5,5,0,0,1
2024,Fall,Beirut,CSC,498L,1,1,0,0,1
2024,Fall,Beirut,CSC,598H,1,1,0,0,1
2024,Fall,Beirut,CSC,599H,2,2,0,0,1
2024,Fall,Beirut,BIF,498HC,6,6,0,0,1
2024,Fall,Beirut,BIF,498HI,3,3,0,0,1
2024,Fall,Beirut,CSC,498HE,4,4,0,0,1
2024,Fall,Byblos,BIF,205,11,9,1,0.181818182,1
2024,Fall,Byblos,BIF,243,17,14,1,0.176470588,1
2024,Fall,Byblos,BIF,245,5,2,1,0.6,1
2024,Fall,Byblos,BIF,310,16,14,1,0.125,1
2024,Fall,Byblos,BIF,345,1,1,0,0,1
2024,Fall,Byblos,BIF,375,11,11,0,0,1
2024,Fall,Byblos,BIF,524,15,15,0,0,1
2024,Fall,Byblos,BIF,599,5,5,0,0,1
2024,Fall,Byblos,CSC,201,86,80,2,0.069767442,1
2024,Fall,Byblos,CSC,243,58,43,6,0.25862069,1
2024,Fall,Byblos,CSC,245,13,4,2,0.692307692,1
2024,Fall,Byblos,CSC,310,49,42,6,0.142857143,1
2024,Fall,Byblos,CSC,326,47,47,0,0,1
2024,Fall,Byblos,CSC,375,30,30,0,0,1
2024,Fall,Byblos,CSC,430,42,41,0,0.023809524,1
2024,Fall,Byblos,CSC,443,13,13,0,0,1
2024,Fall,Byblos,CSC,446,23,22,0,0.043478261,1
2024,Fall,Byblos,CSC,447,15,14,1,0.066666667,1
2024,Fall,Byblos,CSC,460,1,1,0,0,1
2024,Fall,Byblos,CSC,463,27,25,1,0.074074074,1
2024,Fall,Byblos,CSC,598,1,1,0,0,1
2024,Fall,Byblos,CSC,599,23,23,0,0,1
2024,Fall,Byblos,CSC,699,5,1,1,0.8,1
2024,Fall,Byblos,MTH,101,54,37,17,0.314814815,1
2024,Fall,Byblos,MTH,102,19,8,10,0.578947368,1
2024,Fall,Byblos,MTH,201,371,282,39,0.239892183,1
2024,Fall,Byblos,MTH,206,33,18,7,0.454545455,1
2024,Fall,Byblos,MTH,207,189,143,32,0.243386243,1
2024,Fall,Byblos,MTH,301,25,16,2,0.36,1
2024,Fall,Byblos,MTH,304,29,19,3,0.344827586,1
2024,Fall,Byblos,MTH,305,28,21,1,0.25,1
2024,Fall,Byblos,STA,102,5,4,1,0.2,1
2024,Fall,Byblos,STA,205,126,105,7,0.166666667,1
2024,Fall,Byblos,STA,302,44,40,0,0.090909091,1
2024,Fall,Byblos,BIF,243B,17,11,4,0.352941176,1
2024,Fall,Byblos,BIF,599H,4,3,0,0.25,1
2024,Fall,Byblos,CSC,243B,60,36,15,0.4,1
2024,Fall,Byblos,CSC,245B,13,7,2,0.461538462,1
2024,Fall,Byblos,CSC,310B,45,39,4,0.133333333,1
2024,Fall,Byblos,CSC,599H,1,0,0,1,1
2024,Fall,Byblos,CSC,688C,3,3,0,0,1
2024,Fall,Byblos,BIF,498HE,6,6,0,0,1
2024,Fall,Byblos,CSC,498HR,3,3,0,0,1
2024,Fall,Online,CSC,611O,3,3,0,0,1
2024,Fall,Online,CSC,619O,2,2,0,0,1
2024,Fall,Online,CSC,630O,8,8,0,0,1
2024,Fall,Online,CSC,635O,5,5,0,0,1
2024,Fall,Online,CSC,636O,5,5,0,0,1
2024,Fall,Online,CSC,660O,1,1,0,0,1
2024,Fall,Online,CSC,698O,1,1,0,0,1
2021,Spring,Beirut,BIF,205,11,8,1,0.272727273,1
2021,Spring,Beirut,BIF,243,5,4,0,0.2,1
2021,Spring,Beirut,BIF,244,12,10,2,0.166666667,1
2021,Spring,Beirut,BIF,245,19,14,2,0.263157895,1
2021,Spring,Beirut,BIF,310,3,3,0,0,1
2021,Spring,Beirut,BIF,345,8,8,0,0,1
2021,Spring,Beirut,BIF,415,26,24,2,0.076923077,1
2021,Spring,Beirut,BIF,435,16,16,0,0,1
2021,Spring,Beirut,BIF,599,6,6,0,0,1
2021,Spring,Beirut,CSC,201,439,427,7,0.027334852,1
2021,Spring,Beirut,CSC,243,36,24,6,0.333333333,1
2021,Spring,Beirut,CSC,245,113,83,15,0.265486726,1
2021,Spring,Beirut,CSC,310,37,34,3,0.081081081,1
2021,Spring,Beirut,CSC,320,98,80,9,0.183673469,1
2021,Spring,Beirut,CSC,322,97,87,1,0.103092784,1
2021,Spring,Beirut,CSC,326,28,27,1,0.035714286,1
2021,Spring,Beirut,CSC,412,2,2,0,0,1
2021,Spring,Beirut,CSC,447,96,94,0,0.020833333,1
2021,Spring,Beirut,CSC,458,78,76,0,0.025641026,1
2021,Spring,Beirut,CSC,490,71,71,0,0,1
2021,Spring,Beirut,CSC,491,65,62,3,0.046153846,1
2021,Spring,Beirut,CSC,599,19,19,0,0,1
2021,Spring,Beirut,CSC,600,2,2,0,0,1
2021,Spring,Beirut,CSC,612,4,4,0,0,1
2021,Spring,Beirut,CSC,637,6,6,0,0,1
2021,Spring,Beirut,CSC,698,1,0,1,1,1
2021,Spring,Beirut,CSC,699,8,1,0,0.875,1
2021,Spring,Beirut,MTH,101,24,21,2,0.125,1
2021,Spring,Beirut,MTH,102,84,38,21,0.547619048,1
2021,Spring,Beirut,MTH,201,132,105,14,0.204545455,1
2021,Spring,Beirut,MTH,206,138,125,8,0.094202899,1
2021,Spring,Beirut,MTH,207,61,53,4,0.131147541,1
2021,Spring,Beirut,MTH,301,49,33,8,0.326530612,1
2021,Spring,Beirut,MTH,304,128,111,6,0.1328125,1
2021,Spring,Beirut,MTH,305,28,24,4,0.142857143,1
2021,Spring,Beirut,MTH,307,83,75,8,0.096385542,1
2021,Spring,Beirut,MTH,401,2,2,0,0,1
2021,Spring,Beirut,MTH,403,24,24,0,0,1
2021,Spring,Beirut,MTH,407,2,2,0,0,1
2021,Spring,Beirut,MTH,409,26,23,2,0.115384615,1
2021,Spring,Beirut,MTH,411,23,23,0,0,1
2021,Spring,Beirut,STA,102,9,8,1,0.111111111,1
2021,Spring,Beirut,STA,205,40,23,8,0.425,1
2021,Spring,Beirut,STA,302,64,58,3,0.09375,1
2021,Spring,Beirut,CSC,498P,39,32,5,0.179487179,1
2021,Spring,Beirut,MTH,498A,27,25,1,0.074074074,1
2021,Spring,Beirut,BIF,498HF,1,1,0,0,1
2021,Spring,Beirut,CSC,498AC,42,42,0,0,1
2021,Spring,Beirut,CSC,498HC,2,2,0,0,1
2021,Spring,Beirut,CSC,498HI,1,1,0,0,1
2021,Spring,Byblos,BIF,205,6,6,0,0,1
2021,Spring,Byblos,BIF,243,3,2,1,0.333333333,1
2021,Spring,Byblos,BIF,244,17,14,1,0.176470588,1
2021,Spring,Byblos,BIF,245,5,3,2,0.4,1
2021,Spring,Byblos,BIF,310,5,5,0,0,1
2021,Spring,Byblos,BIF,345,6,6,0,0,1
2021,Spring,Byblos,BIF,375,5,5,0,0,1
2021,Spring,Byblos,BIF,599,2,2,0,0,1
2021,Spring,Byblos,CSC,201,197,187,6,0.050761421,1
2021,Spring,Byblos,CSC,206,46,44,0,0.043478261,1
2021,Spring,Byblos,CSC,243,7,6,1,0.142857143,1
2021,Spring,Byblos,CSC,245,42,21,15,0.5,1
2021,Spring,Byblos,CSC,310,12,9,3,0.25,1
2021,Spring,Byblos,CSC,320,31,29,0,0.064516129,1
2021,Spring,Byblos,CSC,322,27,22,2,0.185185185,1
2021,Spring,Byblos,CSC,375,40,36,4,0.1,1
2021,Spring,Byblos,CSC,447,9,8,0,0.111111111,1
2021,Spring,Byblos,CSC,480,16,15,1,0.0625,1
2021,Spring,Byblos,CSC,490,16,16,0,0,1
2021,Spring,Byblos,CSC,491,26,25,1,0.038461538,1
2021,Spring,Byblos,CSC,599,6,6,0,0,1
2021,Spring,Byblos,CSC,600,1,1,0,0,1
2021,Spring,Byblos,CSC,699,6,1,0,0.833333333,1
2021,Spring,Byblos,MTH,102,31,31,0,0,1
2021,Spring,Byblos,MTH,201,83,73,7,0.120481928,1
2021,Spring,Byblos,MTH,206,139,118,17,0.151079137,1
2021,Spring,Byblos,MTH,207,44,31,9,0.295454545,1
2021,Spring,Byblos,MTH,304,150,141,4,0.06,1
2021,Spring,Byblos,MTH,307,19,14,5,0.263157895,1
2021,Spring,Byblos,MTH,311,2,2,0,0,1
2021,Spring,Byblos,STA,205,55,51,4,0.072727273,1
2021,Spring,Byblos,STA,302,13,12,0,0.076923077,1
2021,Spring,Byblos,BIF,599H,3,3,0,0,1
2021,Spring,Byblos,CSC,498G,25,24,1,0.04,1
2021,Spring,Byblos,CSC,498P,5,5,0,0,1
2021,Spring,Byblos,CSC,688N,28,28,0,0,1
2021,Spring,Byblos,CSC,688O,26,25,1,0.038461538,1
2021,Spring,Byblos,BIF,498HD,6,6,0,0,1
2021,Spring,Byblos,CSC,498AC,24,22,0,0.083333333,1
2021,Spring,Byblos,CSC,498HH,2,2,0,0,1
2022,Spring,Beirut,BIF,205,12,9,3,0.25,1
2022,Spring,Beirut,BIF,243,13,10,1,0.230769231,1
2022,Spring,Beirut,BIF,244,20,11,1,0.45,1
2022,Spring,Beirut,BIF,245,22,15,5,0.318181818,1
2022,Spring,Beirut,BIF,310,6,6,0,0,1
2022,Spring,Beirut,BIF,345,5,5,0,0,1
2022,Spring,Beirut,BIF,375,1,0,0,1,1
2022,Spring,Beirut,BIF,415,21,14,3,0.333333333,1
2022,Spring,Beirut,BIF,455,16,12,2,0.25,1
2022,Spring,Beirut,BIF,524,1,0,0,1,1
2022,Spring,Beirut,BIF,599,5,5,0,0,1
2022,Spring,Beirut,CSC,201,440,396,21,0.1,1
2022,Spring,Beirut,CSC,206,28,24,1,0.142857143,1
2022,Spring,Beirut,CSC,243,78,59,6,0.243589744,1
2022,Spring,Beirut,CSC,245,150,116,31,0.226666667,1
2022,Spring,Beirut,CSC,310,40,33,3,0.175,1
2022,Spring,Beirut,CSC,320,141,119,9,0.156028369,1
2022,Spring,Beirut,CSC,322,137,129,2,0.058394161,1
2022,Spring,Beirut,CSC,326,40,31,7,0.225,1
2022,Spring,Beirut,CSC,375,30,27,2,0.1,1
2022,Spring,Beirut,CSC,412,7,3,2,0.571428571,1
2022,Spring,Beirut,CSC,430,12,11,1,0.083333333,1
2022,Spring,Beirut,CSC,435,46,45,0,0.02173913,1
2022,Spring,Beirut,CSC,447,75,71,1,0.053333333,1
2022,Spring,Beirut,CSC,458,52,49,0,0.057692308,1
2022,Spring,Beirut,CSC,490,70,61,7,0.128571429,1
2022,Spring,Beirut,CSC,491,84,76,6,0.095238095,1
2022,Spring,Beirut,CSC,599,50,48,2,0.04,1
2022,Spring,Beirut,CSC,600,5,5,0,0,1
2022,Spring,Beirut,CSC,634,17,17,0,0,1
2022,Spring,Beirut,CSC,698,3,2,0,0.333333333,1
2022,Spring,Beirut,CSC,699,13,5,0,0.615384615,1
2022,Spring,Beirut,MTH,101,36,21,11,0.416666667,1
2022,Spring,Beirut,MTH,102,74,43,15,0.418918919,1
2022,Spring,Beirut,MTH,201,193,126,22,0.347150259,1
2022,Spring,Beirut,MTH,206,97,83,5,0.144329897,1
2022,Spring,Beirut,MTH,207,134,103,19,0.231343284,1
2022,Spring,Beirut,MTH,301,41,35,3,0.146341463,1
2022,Spring,Beirut,MTH,303,1,1,0,0,1
2022,Spring,Beirut,MTH,304,119,100,8,0.159663866,1
2022,Spring,Beirut,MTH,305,30,23,6,0.233333333,1
2022,Spring,Beirut,MTH,306,30,26,1,0.133333333,1
2022,Spring,Beirut,MTH,307,96,74,14,0.229166667,1
2022,Spring,Beirut,MTH,308,31,27,1,0.129032258,1
2022,Spring,Beirut,MTH,403,14,14,0,0,1
2022,Spring,Beirut,MTH,407,10,10,0,0,1
2022,Spring,Beirut,MTH,409,18,12,4,0.333333333,1
2022,Spring,Beirut,STA,102,19,17,2,0.105263158,1
2022,Spring,Beirut,STA,205,72,44,12,0.388888889,1
2022,Spring,Beirut,STA,302,64,53,3,0.171875,1
2022,Spring,Beirut,BIF,599H,1,1,0,0,1
2022,Spring,Beirut,CSC,498B,75,70,2,0.066666667,1
2022,Spring,Beirut,CSC,498P,20,14,1,0.3,1
2022,Spring,Beirut,CSC,599H,3,3,0,0,1
2022,Spring,Beirut,CSC,688J,15,15,0,0,1
2022,Spring,Beirut,BIF,498HD,1,1,0,0,1
2022,Spring,Beirut,CSC,498AD,9,7,0,0.222222222,1
2022,Spring,Beirut,CSC,498HL,2,2,0,0,1
2022,Spring,Byblos,BIF,205,10,7,2,0.3,1
2022,Spring,Byblos,BIF,243,4,4,0,0,1
2022,Spring,Byblos,BIF,244,11,11,0,0,1
2022,Spring,Byblos,BIF,245,11,8,0,0.272727273,1
2022,Spring,Byblos,BIF,310,2,0,2,1,1
2022,Spring,Byblos,BIF,345,2,2,0,0,1
2022,Spring,Byblos,BIF,375,5,5,0,0,1
2022,Spring,Byblos,BIF,415,6,6,0,0,1
2022,Spring,Byblos,BIF,435,10,10,0,0,1
2022,Spring,Byblos,BIF,599,5,5,0,0,1
2022,Spring,Byblos,CSC,201,174,155,8,0.109195402,1
2022,Spring,Byblos,CSC,206,9,8,0,0.111111111,1
2022,Spring,Byblos,CSC,243,44,29,3,0.340909091,1
2022,Spring,Byblos,CSC,245,59,39,6,0.338983051,1
2022,Spring,Byblos,CSC,310,18,9,5,0.5,1
2022,Spring,Byblos,CSC,320,53,47,0,0.113207547,1
2022,Spring,Byblos,CSC,322,51,39,4,0.235294118,1
2022,Spring,Byblos,CSC,375,11,9,1,0.181818182,1
2022,Spring,Byblos,CSC,447,28,27,0,0.035714286,1
2022,Spring,Byblos,CSC,480,32,31,0,0.03125,1
2022,Spring,Byblos,CSC,490,21,19,2,0.095238095,1
2022,Spring,Byblos,CSC,491,16,16,0,0,1
2022,Spring,Byblos,CSC,599,11,11,0,0,1
2022,Spring,Byblos,CSC,600,1,1,0,0,1
2022,Spring,Byblos,CSC,611,1,1,0,0,1
2022,Spring,Byblos,CSC,613,9,8,0,0.111111111,1
2022,Spring,Byblos,CSC,698,1,0,0,1,1
2022,Spring,Byblos,CSC,699,5,0,0,1,1
2022,Spring,Byblos,MTH,101,27,14,8,0.481481481,1
2022,Spring,Byblos,MTH,102,46,41,2,0.108695652,1
2022,Spring,Byblos,MTH,201,120,52,35,0.566666667,1
2022,Spring,Byblos,MTH,206,145,115,7,0.206896552,1
2022,Spring,Byblos,MTH,207,69,48,16,0.304347826,1
2022,Spring,Byblos,MTH,304,137,109,6,0.204379562,1
2022,Spring,Byblos,MTH,307,31,17,11,0.451612903,1
2022,Spring,Byblos,MTH,401,1,1,0,0,1
2022,Spring,Byblos,STA,102,2,1,1,0.5,1
2022,Spring,Byblos,STA,205,119,108,4,0.092436975,1
2022,Spring,Byblos,STA,302,7,7,0,0,1
2022,Spring,Byblos,BIF,599H,1,0,1,1,1
2022,Spring,Byblos,CSC,498B,9,9,0,0,1
2022,Spring,Byblos,CSC,498G,46,37,5,0.195652174,1
2022,Spring,Byblos,CSC,498P,16,14,2,0.125,1
2022,Spring,Byblos,CSC,688J,11,11,0,0,1
2022,Spring,Byblos,BIF,498HG,3,2,1,0.333333333,1
2022,Spring,Online,CSC,611O,4,4,0,0,1
2022,Spring,Online,CSC,618O,5,5,0,0,1
2023,Spring,Beirut,BIF,205,11,9,0,0.181818182,1
2023,Spring,Beirut,BIF,243,8,6,1,0.25,1
2023,Spring,Beirut,BIF,244,14,11,0,0.214285714,1
2023,Spring,Beirut,BIF,245,26,24,1,0.076923077,1
2023,Spring,Beirut,BIF,310,3,2,0,0.333333333,1
2023,Spring,Beirut,BIF,345,2,2,0,0,1
2023,Spring,Beirut,BIF,375,6,6,0,0,1
2023,Spring,Beirut,BIF,415,36,34,2,0.055555556,1
2023,Spring,Beirut,BIF,513,5,4,0,0.2,1
2023,Spring,Beirut,BIF,599,3,2,0,0.333333333,1
2023,Spring,Beirut,CSC,201,315,288,18,0.085714286,1
2023,Spring,Beirut,CSC,243,58,43,11,0.25862069,1
2023,Spring,Beirut,CSC,245,195,174,19,0.107692308,1
2023,Spring,Beirut,CSC,310,68,52,10,0.235294118,1
2023,Spring,Beirut,CSC,320,174,156,13,0.103448276,1
2023,Spring,Beirut,CSC,322,172,163,2,0.052325581,1
2023,Spring,Beirut,CSC,326,69,58,11,0.15942029,1
2023,Spring,Beirut,CSC,375,55,55,0,0,1
2023,Spring,Beirut,CSC,412,6,3,2,0.5,1
2023,Spring,Beirut,CSC,430,27,17,1,0.37037037,1
2023,Spring,Beirut,CSC,435,39,37,1,0.051282051,1
2023,Spring,Beirut,CSC,443,48,47,1,0.020833333,1
2023,Spring,Beirut,CSC,447,115,102,11,0.113043478,1
2023,Spring,Beirut,CSC,458,40,39,1,0.025,1
2023,Spring,Beirut,CSC,460,1,1,0,0,1
2023,Spring,Beirut,CSC,461,38,38,0,0,1
2023,Spring,Beirut,CSC,490,107,106,0,0.009345794,1
2023,Spring,Beirut,CSC,491,118,112,5,0.050847458,1
2023,Spring,Beirut,CSC,599,48,48,0,0,1
2023,Spring,Beirut,CSC,600,4,4,0,0,1
2023,Spring,Beirut,CSC,616,15,15,0,0,1
2023,Spring,Beirut,CSC,698,1,0,0,1,1
2023,Spring,Beirut,CSC,699,12,0,0,1,1
2023,Spring,Beirut,MTH,101,29,13,9,0.551724138,1
2023,Spring,Beirut,MTH,102,36,27,7,0.25,1
2023,Spring,Beirut,MTH,201,195,112,29,0.425641026,1
2023,Spring,Beirut,MTH,206,89,65,5,0.269662921,1
2023,Spring,Beirut,MTH,207,123,102,14,0.170731707,1
2023,Spring,Beirut,MTH,301,41,32,3,0.219512195,1
2023,Spring,Beirut,MTH,304,143,113,14,0.20979021,1
2023,Spring,Beirut,MTH,305,20,17,3,0.15,1
2023,Spring,Beirut,MTH,307,107,85,15,0.205607477,1
2023,Spring,Beirut,MTH,403,18,17,1,0.055555556,1
2023,Spring,Beirut,MTH,409,23,19,4,0.173913043,1
2023,Spring,Beirut,MTH,411,16,16,0,0,1
2023,Spring,Beirut,STA,102,7,6,1,0.142857143,1
2023,Spring,Beirut,STA,205,38,26,5,0.315789474,1
2023,Spring,Beirut,STA,302,51,43,7,0.156862745,1
2023,Spring,Beirut,BIF,599H,1,1,0,0,1
2023,Spring,Beirut,CSC,243B,58,39,11,0.327586207,1
2023,Spring,Beirut,CSC,245B,195,171,19,0.123076923,1
2023,Spring,Beirut,CSC,498P,18,16,1,0.111111111,1
2023,Spring,Beirut,CSC,498X,81,81,0,0,1
2023,Spring,Beirut,CSC,599H,1,1,0,0,1
2023,Spring,Beirut,CSC,688C,3,0,1,1,1
2023,Spring,Beirut,CSC,688Q,8,8,0,0,1
2023,Spring,Beirut,MTH,498A,17,16,1,0.058823529,1
2023,Spring,Beirut,BIF,498HF,2,2,0,0,1
2023,Spring,Beirut,CSC,498AE,14,14,0,0,1
2023,Spring,Beirut,CSC,498HE,1,0,0,1,1
2023,Spring,Beirut,CSC,498HM,1,1,0,0,1
2023,Spring,Byblos,BIF,205,3,2,0,0.333333333,1
2023,Spring,Byblos,BIF,243,7,7,0,0,1
2023,Spring,Byblos,BIF,244,6,3,0,0.5,1
2023,Spring,Byblos,BIF,245,15,5,2,0.666666667,1
2023,Spring,Byblos,BIF,345,5,4,1,0.2,1
2023,Spring,Byblos,BIF,375,1,1,0,0,1
2023,Spring,Byblos,BIF,415,28,28,0,0,1
2023,Spring,Byblos,BIF,435,11,11,0,0,1
2023,Spring,Byblos,BIF,599,4,4,0,0,1
2023,Spring,Byblos,CSC,201,111,98,4,0.117117117,1
2023,Spring,Byblos,CSC,243,21,18,1,0.142857143,1
2023,Spring,Byblos,CSC,245,64,40,12,0.375,1
2023,Spring,Byblos,CSC,310,16,9,6,0.4375,1
2023,Spring,Byblos,CSC,320,71,62,7,0.126760563,1
2023,Spring,Byblos,CSC,322,74,66,1,0.108108108,1
2023,Spring,Byblos,CSC,375,12,12,0,0,1
2023,Spring,Byblos,CSC,412,15,15,0,0,1
2023,Spring,Byblos,CSC,447,27,25,1,0.074074074,1
2023,Spring,Byblos,CSC,460,35,29,3,0.171428571,1
2023,Spring,Byblos,CSC,490,35,34,1,0.028571429,1
2023,Spring,Byblos,CSC,491,34,32,2,0.058823529,1
2023,Spring,Byblos,CSC,599,5,5,0,0,1
2023,Spring,Byblos,CSC,600,3,3,0,0,1
2023,Spring,Byblos,CSC,699,6,0,0,1,1
2023,Spring,Byblos,MTH,101,16,9,6,0.4375,1
2023,Spring,Byblos,MTH,102,21,20,1,0.047619048,1
2023,Spring,Byblos,MTH,201,105,69,14,0.342857143,1
2023,Spring,Byblos,MTH,206,146,125,11,0.143835616,1
2023,Spring,Byblos,MTH,207,63,52,7,0.174603175,1
2023,Spring,Byblos,MTH,301,16,12,4,0.25,1
2023,Spring,Byblos,MTH,304,129,110,10,0.147286822,1
2023,Spring,Byblos,MTH,307,34,26,6,0.235294118,1
2023,Spring,Byblos,MTH,401,9,5,1,0.444444444,1
2023,Spring,Byblos,STA,102,15,14,1,0.066666667,1
2023,Spring,Byblos,STA,205,63,58,3,0.079365079,1
2023,Spring,Byblos,STA,302,16,14,2,0.125,1
2023,Spring,Byblos,CSC,243B,21,17,1,0.19047619,1
2023,Spring,Byblos,CSC,245B,64,40,12,0.375,1
2023,Spring,Byblos,CSC,498P,34,31,2,0.088235294,1
2023,Spring,Byblos,CSC,688C,5,5,0,0,1
2023,Spring,Byblos,CSC,688Q,4,4,0,0,1
2023,Spring,Byblos,MTH,498A,1,1,0,0,1
2023,Spring,Online,CSC,611O,3,3,0,0,1
2023,Spring,Online,CSC,617O,1,1,0,0,1
2023,Spring,Online,CSC,630O,10,10,0,0,1
2023,Spring,Online,CSC,636O,4,4,0,0,1
2023,Spring,Online,CSC,660O,8,7,1,0.125,1
2024,Spring,Beirut,BIF,205,8,8,0,0,1
2024,Spring,Beirut,BIF,243,9,6,1,0.333333333,1
2024,Spring,Beirut,BIF,244,38,37,1,0.026315789,1
2024,Spring,Beirut,BIF,245,30,14,9,0.533333333,1
2024,Spring,Beirut,BIF,310,8,8,0,0,1
2024,Spring,Beirut,BIF,345,6,6,0,0,1
2024,Spring,Beirut,BIF,375,7,7,0,0,1
2024,Spring,Beirut,BIF,415,31,26,1,0.161290323,1
2024,Spring,Beirut,BIF,435,20,19,1,0.05,1
2024,Spring,Beirut,BIF,599,8,8,0,0,1
2024,Spring,Beirut,CSC,201,192,166,10,0.135416667,1
2024,Spring,Beirut,CSC,243,43,29,9,0.325581395,1
2024,Spring,Beirut,CSC,245,135,102,26,0.244444444,1
2024,Spring,Beirut,CSC,310,63,46,11,0.26984127,1
2024,Spring,Beirut,CSC,320,133,123,6,0.07518797,1
2024,Spring,Beirut,CSC,322,132,123,3,0.068181818,1
2024,Spring,Beirut,CSC,326,59,41,16,0.305084746,1
2024,Spring,Beirut,CSC,375,61,59,2,0.032786885,1
2024,Spring,Beirut,CSC,380,34,30,2,0.117647059,1
2024,Spring,Beirut,CSC,430,82,76,2,0.073170732,1
2024,Spring,Beirut,CSC,431,83,81,0,0.024096386,1
2024,Spring,Beirut,CSC,433,52,51,0,0.019230769,1
2024,Spring,Beirut,CSC,435,38,37,1,0.026315789,1
2024,Spring,Beirut,CSC,437,41,41,0,0,1
2024,Spring,Beirut,CSC,443,125,123,1,0.016,1
2024,Spring,Beirut,CSC,447,82,71,11,0.134146341,1
2024,Spring,Beirut,CSC,458,85,85,0,0,1
2024,Spring,Beirut,CSC,461,84,83,0,0.011904762,1
2024,Spring,Beirut,CSC,490,152,150,2,0.013157895,1
2024,Spring,Beirut,CSC,491,123,113,8,0.081300813,1
2024,Spring,Beirut,CSC,598,6,6,0,0,1
2024,Spring,Beirut,CSC,599,67,66,1,0.014925373,1
2024,Spring,Beirut,CSC,600,3,3,0,0,1
2024,Spring,Beirut,CSC,637,16,16,0,0,1
2024,Spring,Beirut,CSC,698,3,1,0,0.666666667,1
2024,Spring,Beirut,CSC,699,9,2,0,0.777777778,1
2024,Spring,Beirut,MTH,101,31,10,14,0.677419355,1
2024,Spring,Beirut,MTH,102,44,31,11,0.295454545,1
2024,Spring,Beirut,MTH,201,231,138,39,0.402597403,1
2024,Spring,Beirut,MTH,206,109,95,5,0.128440367,1
2024,Spring,Beirut,MTH,207,128,99,12,0.2265625,1
2024,Spring,Beirut,MTH,301,47,36,7,0.234042553,1
2024,Spring,Beirut,MTH,304,139,115,5,0.172661871,1
2024,Spring,Beirut,MTH,305,77,65,8,0.155844156,1
2024,Spring,Beirut,MTH,306,19,17,0,0.105263158,1
2024,Spring,Beirut,MTH,307,62,44,14,0.290322581,1
2024,Spring,Beirut,MTH,308,26,26,0,0,1
2024,Spring,Beirut,MTH,312,93,72,12,0.225806452,1
2024,Spring,Beirut,MTH,403,12,12,0,0,1
2024,Spring,Beirut,MTH,407,1,1,0,0,1
2024,Spring,Beirut,MTH,409,4,4,0,0,1
2024,Spring,Beirut,MTH,410,13,12,1,0.076923077,1
2024,Spring,Beirut,STA,102,18,13,5,0.277777778,1
2024,Spring,Beirut,STA,205,30,17,3,0.433333333,1
2024,Spring,Beirut,STA,302,38,27,5,0.289473684,1
2024,Spring,Beirut,BIF,599H,2,2,0,0,1
2024,Spring,Beirut,CSC,243B,38,30,4,0.210526316,1
2024,Spring,Beirut,CSC,245B,133,118,8,0.112781955,1
2024,Spring,Beirut,CSC,310B,64,62,0,0.03125,1
2024,Spring,Beirut,CSC,599H,2,2,0,0,1
2024,Spring,Beirut,BIF,498HD,1,1,0,0,1
2024,Spring,Beirut,CSC,498HC,2,2,0,0,1
2024,Spring,Beirut,CSC,498HP,1,1,0,0,1
2024,Spring,Byblos,BIF,205,1,1,0,0,1
2024,Spring,Byblos,BIF,243,4,3,0,0.25,1
2024,Spring,Byblos,BIF,244,15,15,0,0,1
2024,Spring,Byblos,BIF,245,13,8,3,0.384615385,1
2024,Spring,Byblos,BIF,345,5,5,0,0,1
2024,Spring,Byblos,BIF,375,1,1,0,0,1
2024,Spring,Byblos,BIF,415,13,13,0,0,1
2024,Spring,Byblos,BIF,513,16,15,1,0.0625,1
2024,Spring,Byblos,CSC,201,98,86,5,0.12244898,1
2024,Spring,Byblos,CSC,243,15,13,2,0.133333333,1
2024,Spring,Byblos,CSC,245,42,32,7,0.238095238,1
2024,Spring,Byblos,CSC,320,52,43,5,0.173076923,1
2024,Spring,Byblos,CSC,322,52,50,1,0.038461538,1
2024,Spring,Byblos,CSC,375,15,15,0,0,1
2024,Spring,Byblos,CSC,380,42,29,1,0.30952381,1
2024,Spring,Byblos,CSC,443,26,26,0,0,1
2024,Spring,Byblos,CSC,447,26,26,0,0,1
2024,Spring,Byblos,CSC,460,8,7,1,0.125,1
2024,Spring,Byblos,CSC,461,34,32,0,0.058823529,1
2024,Spring,Byblos,CSC,462,29,28,0,0.034482759,1
2024,Spring,Byblos,CSC,490,43,43,0,0,1
2024,Spring,Byblos,CSC,491,31,30,1,0.032258065,1
2024,Spring,Byblos,CSC,598,2,2,0,0,1
2024,Spring,Byblos,CSC,599,17,17,0,0,1
2024,Spring,Byblos,CSC,600,4,4,0,0,1
2024,Spring,Byblos,CSC,660,3,3,0,0,1
2024,Spring,Byblos,CSC,699,8,2,0,0.75,1
2024,Spring,Byblos,MTH,101,17,15,1,0.117647059,1
2024,Spring,Byblos,MTH,102,19,17,1,0.105263158,1
2024,Spring,Byblos,MTH,201,90,75,10,0.166666667,1
2024,Spring,Byblos,MTH,206,165,140,9,0.151515152,1
2024,Spring,Byblos,MTH,207,61,41,9,0.327868852,1
2024,Spring,Byblos,MTH,301,13,10,3,0.230769231,1
2024,Spring,Byblos,MTH,304,173,143,10,0.173410405,1
2024,Spring,Byblos,MTH,305,16,13,3,0.1875,1
2024,Spring,Byblos,MTH,312,15,14,0,0.066666667,1
2024,Spring,Byblos,STA,102,7,6,1,0.142857143,1
2024,Spring,Byblos,STA,205,57,54,3,0.052631579,1
2024,Spring,Byblos,STA,302,15,13,0,0.133333333,1
2024,Spring,Byblos,BIF,599H,3,3,0,0,1
2024,Spring,Byblos,CSC,243B,16,14,2,0.125,1
2024,Spring,Byblos,CSC,245B,43,35,5,0.186046512,1
2024,Spring,Byblos,BIF,498HF,3,3,0,0,1
2024,Spring,Byblos,CSC,498HP,1,1,0,0,1
2024,Spring,Online,CSC,611O,9,8,1,0.111111111,1
2024,Spring,Online,CSC,619O,8,8,0,0,1
2024,Spring,Online,CSC,630O,3,2,1,0.333333333,1
2024,Spring,Online,CSC,635O,4,4,0,0,1
2024,Spring,Online,CSC,636O,3,3,0,0,1
2024,Spring,Online,CSC,660O,5,5,0,0,1
2024,Spring,Online,CSC,662O,23,22,1,0.043478261,1
2024,Spring,Online,CSC,698O,6,5,1,0.166666667,1
2025,Spring,Beirut,BIF,205,6,5,0,0.166666667,1
2025,Spring,Beirut,BIF,243,7,5,2,0.285714286,1
2025,Spring,Beirut,BIF,244,22,19,3,0.136363636,1
2025,Spring,Beirut,BIF,245,15,11,4,0.266666667,1
2025,Spring,Beirut,BIF,310,16,14,2,0.125,1
2025,Spring,Beirut,BIF,345,5,5,0,0,1
2025,Spring,Beirut,BIF,375,8,8,0,0,1
2025,Spring,Beirut,BIF,415,18,15,2,0.166666667,1
2025,Spring,Beirut,BIF,455,28,25,3,0.107142857,1
2025,Spring,Beirut,BIF,599,4,3,0,0.25,1
2025,Spring,Beirut,CSC,201,177,169,2,0.04519774,1
2025,Spring,Beirut,CSC,243,34,22,10,0.352941176,1
2025,Spring,Beirut,CSC,245,80,61,14,0.2375,1
2025,Spring,Beirut,CSC,310,53,40,12,0.245283019,1
2025,Spring,Beirut,CSC,320,72,66,3,0.083333333,1
2025,Spring,Beirut,CSC,322,70,67,1,0.042857143,1
2025,Spring,Beirut,CSC,326,37,27,8,0.27027027,1
2025,Spring,Beirut,CSC,375,31,29,2,0.064516129,1
2025,Spring,Beirut,CSC,380,77,65,10,0.155844156,1
2025,Spring,Beirut,CSC,430,87,84,1,0.034482759,1
2025,Spring,Beirut,CSC,431,80,74,4,0.075,1
2025,Spring,Beirut,CSC,433,40,40,0,0,1
2025,Spring,Beirut,CSC,438,25,25,0,0,1
2025,Spring,Beirut,CSC,443,105,98,1,0.066666667,1
2025,Spring,Beirut,CSC,447,52,51,0,0.019230769,1
2025,Spring,Beirut,CSC,458,76,76,0,0,1
2025,Spring,Beirut,CSC,461,28,26,0,0.071428571,1
2025,Spring,Beirut,CSC,464,40,40,0,0,1
2025,Spring,Beirut,CSC,490,101,97,2,0.03960396,1
2025,Spring,Beirut,CSC,491,86,29,0,0.662790698,1
2025,Spring,Beirut,CSC,598,4,2,0,0.5,1
2025,Spring,Beirut,CSC,599,90,61,0,0.322222222,1
2025,Spring,Beirut,CSC,600,3,3,0,0,1
2025,Spring,Beirut,CSC,698,1,1,0,0,1
2025,Spring,Beirut,CSC,699,8,1,0,0.875,1
2025,Spring,Beirut,MTH,101,18,8,9,0.555555556,1
2025,Spring,Beirut,MTH,102,44,32,7,0.272727273,1
2025,Spring,Beirut,MTH,201,176,105,36,0.403409091,1
2025,Spring,Beirut,MTH,206,149,122,8,0.181208054,1
2025,Spring,Beirut,MTH,207,73,60,7,0.178082192,1
2025,Spring,Beirut,MTH,301,14,11,1,0.214285714,1
2025,Spring,Beirut,MTH,304,245,228,3,0.069387755,1
2025,Spring,Beirut,MTH,305,130,110,15,0.153846154,1
2025,Spring,Beirut,MTH,307,7,5,2,0.285714286,1
2025,Spring,Beirut,MTH,312,103,74,21,0.281553398,1
2025,Spring,Beirut,MTH,403,8,8,0,0,1
2025,Spring,Beirut,MTH,410,11,11,0,0,1
2025,Spring,Beirut,MTH,411,11,10,0,0.090909091,1
2025,Spring,Beirut,STA,102,17,13,3,0.235294118,1
2025,Spring,Beirut,STA,205,49,40,6,0.183673469,1
2025,Spring,Beirut,STA,302,33,27,4,0.181818182,1
2025,Spring,Beirut,BIF,243B,6,6,0,0,1
2025,Spring,Beirut,BIF,245B,15,14,1,0.066666667,1
2025,Spring,Beirut,BIF,599H,5,5,0,0,1
2025,Spring,Beirut,CSC,243B,42,33,6,0.214285714,1
2025,Spring,Beirut,CSC,245B,80,72,4,0.1,1
2025,Spring,Beirut,CSC,310B,56,40,10,0.285714286,1
2025,Spring,Beirut,CSC,688P,22,20,1,0.090909091,1
2025,Spring,Beirut,CSC,688Q,17,16,0,0.058823529,1
2025,Spring,Beirut,MTH,498A,17,15,1,0.117647059,1
2025,Spring,Byblos,BIF,205,6,3,1,0.5,1
2025,Spring,Byblos,BIF,243,2,2,0,0,1
2025,Spring,Byblos,BIF,244,15,14,0,0.066666667,1
2025,Spring,Byblos,BIF,245,15,11,2,0.266666667,1
2025,Spring,Byblos,BIF,310,1,1,0,0,1
2025,Spring,Byblos,BIF,345,9,8,0,0.111111111,1
2025,Spring,Byblos,BIF,375,2,2,0,0,1
2025,Spring,Byblos,BIF,415,17,13,0,0.235294118,1
2025,Spring,Byblos,BIF,435,22,22,0,0,1
2025,Spring,Byblos,BIF,599,4,4,0,0,1
2025,Spring,Byblos,CSC,201,72,57,3,0.208333333,1
2025,Spring,Byblos,CSC,243,20,17,0,0.15,1
2025,Spring,Byblos,CSC,245,40,28,3,0.3,1
2025,Spring,Byblos,CSC,320,40,32,1,0.2,1
2025,Spring,Byblos,CSC,322,36,30,0,0.166666667,1
2025,Spring,Byblos,CSC,380,42,26,8,0.380952381,1
2025,Spring,Byblos,CSC,430,28,28,0,0,1
2025,Spring,Byblos,CSC,431,38,34,0,0.105263158,1
2025,Spring,Byblos,CSC,435,31,31,0,0,1
2025,Spring,Byblos,CSC,458,21,21,0,0,1
2025,Spring,Byblos,CSC,460,20,17,0,0.15,1
2025,Spring,Byblos,CSC,490,39,39,0,0,1
2025,Spring,Byblos,CSC,491,26,13,0,0.5,1
2025,Spring,Byblos,CSC,598,3,2,0,0.333333333,1
2025,Spring,Byblos,CSC,599,13,9,0,0.307692308,1
2025,Spring,Byblos,CSC,600,1,0,0,1,1
2025,Spring,Byblos,CSC,699,4,1,0,0.75,1
2025,Spring,Byblos,MTH,101,16,6,7,0.625,1
2025,Spring,Byblos,MTH,102,47,21,13,0.553191489,1
2025,Spring,Byblos,MTH,201,110,65,18,0.409090909,1
2025,Spring,Byblos,MTH,206,239,208,19,0.129707113,1
2025,Spring,Byblos,MTH,207,56,40,12,0.285714286,1
2025,Spring,Byblos,MTH,301,7,7,0,0,1
2025,Spring,Byblos,MTH,304,290,241,20,0.168965517,1
2025,Spring,Byblos,MTH,305,10,9,1,0.1,1
2025,Spring,Byblos,MTH,312,19,11,7,0.421052632,1
2025,Spring,Byblos,STA,102,5,5,0,0,1
2025,Spring,Byblos,STA,205,43,42,0,0.023255814,1
2025,Spring,Byblos,STA,302,14,13,0,0.071428571,1
2025,Spring,Byblos,BIF,243B,5,4,0,0.2,1
2025,Spring,Byblos,BIF,245B,15,10,2,0.333333333,1
2025,Spring,Byblos,BIF,599H,2,0,0,1,1
2025,Spring,Byblos,CSC,243B,21,17,1,0.19047619,1
2025,Spring,Byblos,CSC,245B,35,23,6,0.342857143,1
2025,Spring,Byblos,CSC,688P,2,2,0,0,1
2025,Spring,Byblos,CSC,688Q,2,2,0,0,1
2025,Spring,Online,CSC,611O,4,3,0,0.25,1
2025,Spring,Online,CSC,616O,3,3,0,0,1
2025,Spring,Online,CSC,617O,3,3,0,0,1
2025,Spring,Online,CSC,618O,3,2,0,0.333333333,1
2025,Spring,Online,CSC,619O,1,1,0,0,1
2025,Spring,Online,CSC,630O,3,2,1,0.333333333,1
2025,Spring,Online,CSC,635O,1,1,0,0,1
2025,Spring,Online,CSC,638O,8,6,1,0.25,1
2025,Spring,Online,CSC,662O,2,2,0,0,1
2025,Spring,Online,CSC,698O,5,5,0,0,1
2021,Summer,Beirut,BIF,205,11,11,0,0,1
2021,Summer,Beirut,CSC,201,121,119,0,0.016528926,1
2021,Summer,Beirut,CSC,599,2,2,0,0,1
2021,Summer,Beirut,CSC,600,1,1,0,0,1
2021,Summer,Beirut,CSC,699,1,1,0,0,1
2021,Summer,Beirut,MTH,102,49,40,9,0.183673469,1
2021,Summer,Beirut,MTH,201,38,31,3,0.184210526,1
2021,Summer,Beirut,MTH,206,60,42,13,0.3,1
2021,Summer,Beirut,MTH,207,44,38,5,0.136363636,1
2021,Summer,Beirut,MTH,301,36,32,2,0.111111111,1
2021,Summer,Beirut,MTH,304,52,40,9,0.230769231,1
2021,Summer,Beirut,MTH,305,90,77,7,0.144444444,1
2021,Summer,Beirut,MTH,307,1,1,0,0,1
2021,Summer,Beirut,STA,205,30,30,0,0,1
2021,Summer,Byblos,MTH,201,24,19,4,0.208333333,1
2021,Summer,Byblos,MTH,206,38,25,12,0.342105263,1
2021,Summer,Byblos,MTH,304,41,39,1,0.048780488,1
2022,Summer,Beirut,BIF,205,9,6,3,0.333333333,1
2022,Summer,Beirut,CSC,201,101,97,3,0.03960396,1
2022,Summer,Beirut,CSC,326,1,1,0,0,1
2022,Summer,Beirut,CSC,699,8,1,0,0.875,1
2022,Summer,Beirut,MTH,101,10,9,1,0.1,1
2022,Summer,Beirut,MTH,102,41,28,11,0.317073171,1
2022,Summer,Beirut,MTH,201,86,52,19,0.395348837,1
2022,Summer,Beirut,MTH,206,39,38,1,0.025641026,1
2022,Summer,Beirut,MTH,207,46,35,5,0.239130435,1
2022,Summer,Beirut,MTH,301,44,30,9,0.318181818,1
2022,Summer,Beirut,MTH,304,75,49,16,0.346666667,1
2022,Summer,Beirut,MTH,305,102,92,7,0.098039216,1
2022,Summer,Beirut,STA,205,18,15,3,0.166666667,1
2022,Summer,Byblos,CSC,201,8,7,1,0.125,1
2022,Summer,Byblos,CSC,491,1,1,0,0,1
2022,Summer,Byblos,CSC,699,6,0,0,1,1
2022,Summer,Byblos,MTH,102,9,7,2,0.222222222,1
2022,Summer,Byblos,MTH,201,31,20,6,0.35483871,1
2022,Summer,Byblos,MTH,206,38,29,5,0.236842105,1
2022,Summer,Byblos,MTH,207,21,13,6,0.380952381,1
2022,Summer,Byblos,MTH,304,30,22,2,0.266666667,1
2022,Summer,Online,CSC,617O,9,8,0,0.111111111,1
2023,Summer,Beirut,BIF,205,10,10,0,0,1
2023,Summer,Beirut,CSC,201,83,79,2,0.048192771,1
2023,Summer,Beirut,CSC,461,21,21,0,0,1
2023,Summer,Beirut,CSC,491,24,24,0,0,1
2023,Summer,Beirut,MTH,101,8,3,4,0.625,1
2023,Summer,Beirut,MTH,102,18,10,3,0.444444444,1
2023,Summer,Beirut,MTH,201,82,37,8,0.548780488,1
2023,Summer,Beirut,MTH,206,32,26,2,0.1875,1
2023,Summer,Beirut,MTH,207,30,27,0,0.1,1
2023,Summer,Beirut,MTH,301,37,33,3,0.108108108,1
2023,Summer,Beirut,MTH,304,60,44,5,0.266666667,1
2023,Summer,Beirut,MTH,305,103,58,5,0.436893204,1
2023,Summer,Beirut,MTH,307,2,2,0,0,1
2023,Summer,Beirut,MTH,409,1,1,0,0,1
2023,Summer,Beirut,STA,205,39,37,0,0.051282051,1
2023,Summer,Byblos,MTH,201,12,11,1,0.083333333,1
2023,Summer,Byblos,MTH,206,16,14,2,0.125,1
2023,Summer,Byblos,MTH,207,8,7,1,0.125,1
2023,Summer,Byblos,MTH,304,37,26,7,0.297297297,1
2023,Summer,Byblos,MTH,305,13,11,1,0.153846154,1
2023,Summer,Online,CSC,616O,3,3,0,0,1
2023,Summer,Online,CSC,619O,10,10,0,0,1
2023,Summer,Online,CSC,662O,3,3,0,0,1
2024,Summer,Beirut,BIF,205,17,13,3,0.235294118,1
2024,Summer,Beirut,BIF,375,13,13,0,0,1
2024,Summer,Beirut,CSC,201,39,38,0,0.025641026,1
2024,Summer,Beirut,CSC,375,26,24,2,0.076923077,1
2024,Summer,Beirut,CSC,380,26,20,5,0.230769231,1
2024,Summer,Beirut,CSC,461,25,24,0,0.04,1
2024,Summer,Beirut,CSC,491,20,18,2,0.1,1
2024,Summer,Beirut,CSC,698,2,0,0,1,1
2024,Summer,Beirut,CSC,699,7,0,0,1,1
2024,Summer,Beirut,MTH,101,10,9,1,0.1,1
2024,Summer,Beirut,MTH,102,22,17,4,0.227272727,1
2024,Summer,Beirut,MTH,201,61,47,5,0.229508197,1
2024,Summer,Beirut,MTH,206,21,16,2,0.238095238,1
2024,Summer,Beirut,MTH,207,22,22,0,0,1
2024,Summer,Beirut,MTH,301,16,15,1,0.0625,1
2024,Summer,Beirut,MTH,304,80,66,4,0.175,1
2024,Summer,Beirut,MTH,305,27,20,4,0.259259259,1
2024,Summer,Beirut,MTH,307,14,10,3,0.285714286,1
2024,Summer,Beirut,MTH,312,30,29,0,0.033333333,1
2024,Summer,Beirut,STA,205,27,23,2,0.148148148,1
2024,Summer,Byblos,CSC,201,8,8,0,0,1
2024,Summer,Byblos,CSC,699,6,0,1,1,1
2024,Summer,Byblos,MTH,201,14,11,2,0.214285714,1
2024,Summer,Byblos,MTH,206,33,28,3,0.151515152,1
2024,Summer,Byblos,MTH,207,11,8,3,0.272727273,1
2024,Summer,Byblos,MTH,304,57,45,10,0.210526316,1
2024,Summer,Online,CSC,616O,6,6,0,0,1
2024,Summer,Online,CSC,617O,2,1,1,0.5,1
2024,Summer,Online,CSC,618O,5,5,0,0,1
2024,Summer,Online,CSC,638O,1,1,0,0,1
